;Names;FA;FA StdDev;MD;MD StdDev;RD;RD StdDev;AD;AD StdDev;Time
0;Subject_002_S_6030;0.6789304991393298;0.1907537955806085;0.0008292144857412642;0.00021627007519846932;0.00044744912563849526;0.00028834871306494846;0.001592745205946802;0.0001644361158127247;10.5
1;Subject_032_S_6602;0.6158236845187121;0.19724722860521907;0.0010981506226629266;0.00042388052242499;0.0006772810439828832;0.0004902560190692126;0.0019398897800230138;0.0003513010801820467;19.11
2;Subject_033_S_10016;0.7177979473047483;0.21427431475460423;0.0009192172194501507;0.0003523741901844998;0.00046851750684517184;0.0004278530607418383;0.0018206166446601089;0.00029721484535481216;13.71
3;Subject_033_S_10740;0.6748267214192085;0.21384040212786;0.0008717330336287184;0.00030746170062831337;0.00048743776254488787;0.00037596186178178944;0.0016403235757963793;0.0002329409645021919;11.27
4;Subject_033_S_10175;0.657991215452518;0.20726481955339032;0.0009744500786825975;0.0004042443898322586;0.0005649775998998396;0.00047203862822523695;0.0017933950362481136;0.0003338619825141972;11.93
5;Subject_041_S_7017;0.6589463545770897;0.19015381074072166;0.0009870358233101855;0.0003869168761629338;0.0005725256663644582;0.0004348780277228207;0.00181605613720164;0.0003370613357336365;16.84
6;Subject_032_S_6294;0.6410349198559085;0.20213329460866813;0.000964993926453463;0.00034350701015826816;0.0005757803098801985;0.00040653425390212167;0.0017434211595999923;0.00026757968223067917;19.15
7;Subject_041_S_6731;0.6742868757432773;0.15922147021387187;0.0008830507595945748;0.0002763711208450574;0.0004856378341216544;0.00031131489535687456;0.0016778766105404156;0.0002675500020894478;9.29
8;Subject_002_S_4799;0.6698131587203825;0.19458632832498673;0.000837796447179585;0.00025243546477347683;0.00045867053628232616;0.0003200659664829305;0.0015960482689741022;0.00024483217169555394;10.45
9;Subject_137_S_6826;0.6464186163317854;0.2246845142127961;0.001059435918738148;0.00044724499671150556;0.0006331014520727046;0.0005190503110451185;0.0019121048520690342;0.00035081012926579404;11.72
10;Subject_033_S_6889;0.7789518014749545;0.1875907629541115;0.0007858158602118584;0.00035495691757482577;0.00035018985774608314;0.00042243704245842453;0.0016570678651434087;0.000275365910938923;20.59
11;Subject_016_S_6839;0.6645592822026485;0.22946398511560515;0.001038680807596889;0.0004042894379388414;0.0006013816563589694;0.00048319896047804454;0.0019132791100727284;0.00030167134905034407;8.65
12;Subject_016_S_7039;0.670885926169074;0.19950762993311308;0.0008720667871970622;0.0003576541656800471;0.0004989038487970866;0.0003865097715758555;0.0016183926639970132;0.0003391854008124217;9.75
13;Subject_016_S_6381;0.669818439837508;0.20319435042802503;0.0009711553469670103;0.00034870242748354075;0.0005475720381226451;0.0004100762338531801;0.0018183219646557402;0.0002809449890381955;18.67
14;Subject_033_S_10147;0.6392993076239981;0.19967992913226734;0.0008846309109532984;0.0002727273690775059;0.0005233086597346516;0.0003417685910326215;0.0016072754133905924;0.000178436177897624;11.96
15;Subject_003_S_6258;0.6201781635374972;0.2083681817423102;0.000970357303541899;0.0003485173828231587;0.000588206649238654;0.0004198716050620951;0.0017346586121483887;0.00028839171113683175;12.5
16;Subject_033_S_10391;0.6728984257260514;0.20605797305818954;0.0008329167491762652;0.0002978592652805295;0.0004645001848988444;0.00036798181455700103;0.0015697498777311068;0.0002503548103877592;10.72
17;Subject_002_S_6009;0.7125656886847761;0.17445520726384725;0.0008465588323351745;0.0002685922429922083;0.00043226384466069924;0.0003239958528940843;0.0016751488076841247;0.00022559581850678696;17.36
18;Subject_033_S_7079;0.6679992248426545;0.23604586455069088;0.0009990413753413496;0.0004696993268843188;0.0005799891947624125;0.0005320115963365991;0.001837145736499224;0.00041509270869643757;10.72
19;Subject_016_S_6771;0.6799481970137319;0.24814092187186365;0.0009165758703292014;0.000480461670022501;0.0005310989105565687;0.0005363790170040038;0.0016875297898744665;0.0004355931745431085;9.84
20;Subject_003_S_6268;0.5946347185646587;0.1707570454329369;0.0009306575415376795;0.00031784791886767006;0.0005843642078987235;0.00036903758832515504;0.0016232442088155914;0.00028648636928325634;11.88
21;Subject_168_S_6085;0.66283746994007;0.18102419395117228;0.0008448475342707402;0.00024193708977388558;0.0004671201330017524;0.00030052347556079855;0.0016003023368087155;0.00025186648597728587;12.58
22;Subject_137_S_6812;0.7226958621840909;0.18977756415483474;0.0008726456478814806;0.00035808575469951855;0.00045048748269887047;0.00040752287534275185;0.0017169619782467012;0.0002919715856594672;11.47
23;Subject_033_S_6572;0.712347006527625;0.1964506008799336;0.0008331715378990271;0.00033232088516642317;0.0004334897579731504;0.00039646188955465414;0.0016325350977507804;0.00025764538963083566;9.41
24;Subject_137_S_6903;0.6796232052283222;0.2045697261436082;0.0008564183772116748;0.00033793229298942145;0.0004753444010392709;0.00038950739302134635;0.001618566329556483;0.0002976031876949995;10.24
25;Subject_032_S_6600;0.6609246678219426;0.18559066168907493;0.0008660530824283967;0.00027918523325304697;0.0004855566002131721;0.0003326651284578719;0.001627046046858846;0.0002678156334560892;17.09
26;Subject_037_S_4706;0.6739199571667274;0.18917385502190331;0.0008929900562607378;0.00033016656370671;0.0004903387538410804;0.0003928478154152208;0.0016982926611000529;0.0003181280244934115;12.17
27;Subject_003_S_1122;0.6846755771742061;0.17923632990725333;0.0009400769850132901;0.0002715372382470618;0.0005031727434855591;0.0003303266962697586;0.0018138854680687525;0.00024585074540729685;8.11
28;Subject_011_S_7048;0.6587111802835047;0.20188011509158996;0.0009477215231101693;0.000299036478583097;0.0005346122655010457;0.00037440388102746126;0.0017739400383284163;0.00024661532290211753;11.18
29;Subject_035_S_6160;0.7172974876130415;0.1637898861456527;0.0008853029608969622;0.0002718142312224795;0.0004388913985670965;0.0003181185237956106;0.001778126085556694;0.00028340678463141327;19.72
30;Subject_003_S_6833;0.658884562383854;0.20498273623076027;0.0009814762247945636;0.0003274882009784839;0.0005595828047237012;0.00040072187395983385;0.0018252630649362887;0.0002647063983528363;10.89
31;Subject_137_S_6557;0.7164345581550794;0.19052089451384044;0.0009030978303929497;0.0003865715765604435;0.00047044496791007244;0.0004255732730100656;0.001768403555358704;0.00036203013142223757;21.05
32;Subject_168_S_6098;0.6085771702972507;0.19686320882038066;0.000942443201012074;0.0002873610351914117;0.0005739443864297082;0.00036356798789309233;0.0016794408301768057;0.00028208953932689463;20.0
33;Subject_168_S_6142;0.6173550508510238;0.19025317944917344;0.0009388526510076018;0.00029876562157961915;0.0005695159635774693;0.000354969124138145;0.001677526025867867;0.00026152102734170493;10.55
34;Subject_137_S_6883;0.645158525085951;0.19582797989522344;0.0009236415570387131;0.00036852464955917274;0.0005452087758351455;0.00042839079834148326;0.0016805071194458483;0.00030019164006218896;12.05
35;Subject_032_S_6700;0.6644152398043957;0.20829045623278322;0.0009658809104837441;0.00038386252135688475;0.0005493284884336472;0.00045083975971740755;0.0017989857545839378;0.0003343436689616894;12.31
36;Subject_016_S_7002;0.6526270818992415;0.21376199246297872;0.0010902167334700733;0.000456289751575039;0.0006495119426847615;0.0005149824509532693;0.0019716263150406973;0.0003645705223976602;19.14
37;Subject_033_S_10742;0.7584634879273852;0.17785670778939672;0.0007830264635806319;0.00027523920552981765;0.0003604788140866576;0.0003304924748074191;0.0016281217625685807;0.0002443119963070122;11.69
38;Subject_033_S_10229;0.6695328715794406;0.22564406731170905;0.0009053236046392087;0.0003825474806804983;0.0005135588089453353;0.0004381522497354711;0.0016888531960269554;0.00036184944971299094;11.0
39;Subject_035_S_6156;0.6266282469992962;0.17824906052871184;0.0009473773839085706;0.00032246163042288833;0.0005648696255336412;0.0003744282960553313;0.001712392900658429;0.00030773335937987154;12.39
40;Subject_168_S_6350;0.6696522907471529;0.2021470186795494;0.0009465607341111197;0.0002877642476112;0.0005240886890739071;0.00036993466264216394;0.0017915048241855449;0.00022159968591863946;10.98
41;Subject_016_S_6949;0.6509850496076799;0.22212090096320927;0.0009889328781827124;0.00041395883967982916;0.0005827470715790134;0.0004719694292585135;0.0018013044913901101;0.00036940660563402835;10.91
42;Subject_003_S_6432;0.692695546796315;0.2204899868622132;0.0009599798228641819;0.0004352432244035271;0.0005251035071441364;0.0005057737960662298;0.001829732454304273;0.0003755578339291237;11.05
43;Subject_033_S_10005;0.6901206120563563;0.21241487134695203;0.0009033346896942792;0.0003808731519340962;0.0004913846798598466;0.0004385257747103565;0.0017272347093631442;0.000369168906613051;20.52
44;Subject_094_S_6736;0.5871806529448517;0.2048597207573464;0.0009931185535205394;0.00032022257479884686;0.0006292555594107623;0.00039316462905356623;0.0017208445417400938;0.0002724414419556525;11.73
45;Subject_033_S_7088;0.6858275188621933;0.20156733885831743;0.0009247104950578455;0.00038657645297880276;0.0005128660221020566;0.0004380764391055012;0.0017483994409694236;0.00033354322037470026;11.64
46;Subject_037_S_4028;0.7187463275833241;0.1721324010977125;0.0008352770426738646;0.0002650390201554025;0.00042229014697464185;0.0003250156220328419;0.0016612508340723105;0.0001954721319396036;12.11
47;Subject_033_S_10793;0.7028909220062063;0.23045804361503472;0.0009508767271117972;0.00041267435354543005;0.0005089919642543489;0.0004953140009495123;0.0018346462528266935;0.00033821933551062195;11.89
48;Subject_168_S_6321;0.6211154707901493;0.21223532854788357;0.0010237316572339265;0.0003697762966868504;0.0006277572037659917;0.0004362549647803145;0.0018156805641697965;0.0002949603252556683;19.38
49;Subject_016_S_6773;0.6432558286007157;0.2145605794556665;0.0009728341001834592;0.00041084189116251293;0.0005819445821960476;0.0004763697191705428;0.0017546131361582825;0.0003425534342112806;11.29
50;Subject_033_S_10021;0.6929347989979412;0.2387782743957397;0.0009223036819503566;0.00042778096014723955;0.0005093368422922953;0.0004976358528180089;0.0017482373612664795;0.0003451820959099017;12.04
51;Subject_032_S_6701;0.6374741042467903;0.19976316618249115;0.0008760902215226761;0.00025748942634031745;0.0005078013147153464;0.0003320158589040803;0.0016126680351373358;0.00025019901580593647;11.14
52;Subject_041_S_6292;0.6602939324232227;0.20613419569286076;0.0010017326037521348;0.00030974884732874676;0.0005657037166407287;0.00039402672881242394;0.001873790377974947;0.0002270325494077737;11.89
53;Subject_037_S_0377;0.6431536324128488;0.2207086800543589;0.0010332058842675391;0.000360281398860262;0.0006078295272282586;0.0004442592787314829;0.0018839585983460997;0.00026758220776634296;19.67
54;Subject_033_S_6352;0.6811562750533996;0.23397234185363663;0.0009563141880902538;0.0004140656849990166;0.00053153037083751;0.00047650814236928753;0.0018058818225957414;0.0004162151442668037;20.99
55;Subject_036_S_6099;0.6511753072624432;0.21529864160044293;0.0010044495364131157;0.0003820334216381111;0.0005832733892754277;0.0004534506834610715;0.0018468018306884914;0.0003343174242834472;12.05
56;Subject_168_S_6281;0.6288038763846537;0.19759901283782624;0.0009642083524922463;0.00031591251285478035;0.0005794695545282113;0.0003890373591363536;0.001733685948420316;0.00021849435136111155;11.78
57;Subject_168_S_6426;0.676284850896061;0.18574906591623228;0.0009148560085216162;0.00025794881787599916;0.0004979154208677545;0.0003250447836946189;0.0017487371838293395;0.00021309902693111306;11.59
58;Subject_011_S_7112;0.6271793751478026;0.19412759919899045;0.0008885854147172978;0.0002713934319140025;0.0005288293819371301;0.0003342294755011119;0.001608097480277633;0.00023310565253829033;9.68
59;Subject_068_S_0127;0.5992870808856117;0.1909302376745461;0.0011218620189682449;0.00036321590917208805;0.0007044747436938626;0.0004177795019879078;0.001956636569517009;0.0003204334978750445;10.13
60;Subject_033_S_10736;0.679880086572153;0.1936049259750155;0.0008085672908732257;0.00032912742821958807;0.000441438295937803;0.00037556525574549034;0.0015428252807440713;0.00033451435384295375;16.44
61;Subject_033_S_10092;0.6622094620866446;0.1935459820929518;0.0008713174986414456;0.0003305376883566906;0.0004951736975995767;0.00037852499643109094;0.0016236051007251836;0.0003105638041186525;9.91
62;Subject_033_S_10118;0.6620288364981763;0.250793180264529;0.0008998557913621506;0.0004347036940819692;0.0005281896071810358;0.0004781165111773301;0.0016431881597243798;0.0004421646697304936;7.86
63;Subject_011_S_4278;0.5937444745779232;0.21924788866394024;0.0010249172097510865;0.0003544966805453384;0.0006491308128507106;0.00043739686087933266;0.0017764900035518384;0.0002851088880143847;10.57
64;Subject_002_S_4225;0.6248634058742565;0.17929276849301068;0.0010098499830974471;0.0003473280273413554;0.0006121670928003328;0.0003987438432917267;0.0018052157636916759;0.00029019632767997804;17.22
65;Subject_033_S_6705;0.6759396271540444;0.21811176194884643;0.0009986365501198345;0.0003934544591349737;0.0005673362686855394;0.0004420914745924109;0.0018612371129884246;0.0003436480937038613;10.31
66;Subject_012_S_6073;0.6558691294717135;0.19306195801837198;0.0010168398505422777;0.00041996897124856655;0.0005966930762762786;0.0004759224031583752;0.0018571333990742762;0.00034094441750930467;17.48
67;Subject_137_S_6906;0.6891789577135187;0.1889420127717096;0.0008042744406736739;0.00032602229436486883;0.000431296329886225;0.00038251803292902695;0.0015502306622485712;0.0003194223870917449;9.69
68;Subject_168_S_6059;0.6814143425727021;0.17871135875172411;0.0008893632152162547;0.00027934590918690894;0.00048547988408528456;0.0003348181201063118;0.0016971298774781948;0.00021911980065564756;10.6
69;Subject_033_S_6976;0.690830813660972;0.23348114376485518;0.0008231390745031007;0.00040466991086310155;0.00046483101633784966;0.0004593163778359027;0.0015397551908336027;0.0003489540044530372;11.68
70;Subject_041_S_6136;0.7115388941147376;0.19449492990739659;0.0008664636158201052;0.0003247920943142874;0.000439526437142719;0.0003971950265468196;0.0017203379731748779;0.00032538983135666795;12.13
71;Subject_033_S_10693;0.626868562668082;0.2111650101981786;0.000882631954572329;0.0003826859311430534;0.0005461828836312707;0.0004363134634574854;0.0015555300964544454;0.00031936062024108693;12.35
72;Subject_011_S_6303;0.6237054508820736;0.2095231969965467;0.0010313090137221217;0.0003729524040211003;0.000627481927284262;0.0004494921010110844;0.0018389631865978412;0.00028184305586063826;17.88
73;Subject_012_S_6503;0.6716683280067054;0.19071543502808685;0.0009235762187909224;0.00032666834337136174;0.0005171758919324115;0.00038983662171562957;0.001736376872507944;0.0002534294916286939;19.29
74;Subject_016_S_6708;0.6120847762968924;0.21025794648582705;0.000922800640188504;0.0004022999771282327;0.0005757659919341636;0.0004443959607741767;0.001616869936697185;0.00039337945050557714;11.29
75;Subject_003_S_6257;0.6795175259079492;0.18731266808243185;0.0008876358493385306;0.0003192945652318991;0.0004873459418054439;0.00037744677399910665;0.0016882156644047039;0.0002680057792639098;17.28
76;Subject_168_S_6065;0.6401872775241851;0.1684307590923923;0.0009028686522929268;0.0002887323662668559;0.0005292490829455212;0.0003424474875063496;0.001650107790987738;0.00022446116366728493;9.19
77;Subject_041_S_4037;0.621052390545947;0.18559989576185534;0.0009387494081508111;0.0003388988320368244;0.0005715242506158745;0.00038942877807309807;0.0016731997232206843;0.00030650404999436995;16.76
78;Subject_016_S_6943;0.6936594748988275;0.16434905798494787;0.0009154146368609269;0.0003232234349779683;0.0004901971986193024;0.00037519725333243225;0.001765849513344176;0.00026218161373009236;16.4
79;Subject_137_S_6880;0.649846091609479;0.18752526641896994;0.0008965820428138188;0.00035402801264603227;0.0005268929127621351;0.0004066534570645595;0.0016359603029171864;0.0002872840855156219;9.42
80;Subject_003_S_5154;0.6571122746660918;0.19817336875874586;0.0009363925442525076;0.0002979205487066027;0.0005329726468692059;0.00036787446552168427;0.0017432323390191111;0.00023956254061274163;10.13
81;Subject_033_S_10276;0.7007114055557889;0.23295532979615372;0.0008197030878287019;0.0003658772333325573;0.00044505091944896467;0.00043409915375461935;0.001569007424588176;0.0002771291535333585;8.85
82;Subject_032_S_6728;0.704697326556486;0.1924036682673461;0.0008901112029615404;0.0003255563545229039;0.0004603733732132093;0.0003849839490718677;0.0017495868624582028;0.0003180657916438905;6.54
83;Subject_137_S_6693;0.7139131531857129;0.19770876998374928;0.000862870678756467;0.00034309538600231883;0.0004514145037957843;0.00039302728495086434;0.0016857830286778322;0.0002926956266319089;12.25
84;Subject_032_S_6717;0.6532725727677516;0.20981342099404934;0.0009820899552049505;0.00036591215220536846;0.0005707635391448128;0.00044920199887158715;0.0018047427873252265;0.00026127759682065705;21.47
85;Subject_032_S_6855;0.6617030750884001;0.20375238789682376;0.0009438696059094064;0.0003263372931464231;0.000535442732113843;0.0003821228071864693;0.0017607233535005327;0.0002995090107440772;19.94
86;Subject_011_S_4827;0.6454530913890606;0.20824190980562257;0.0011008238480269795;0.0003966615458981583;0.000650080460971773;0.000464252975010042;0.002002310622137392;0.00030426066312265904;18.7
87;Subject_032_S_0677;0.7055923632458982;0.19004985564276902;0.0009079506673503184;0.0003477041396010215;0.00047710028060183246;0.0004096640966972859;0.00176965144084729;0.0002676997629807074;18.14
88;Subject_003_S_4644;0.7030922405954259;0.19426405292311955;0.0009257954650217096;0.0003430326247090813;0.00048324624599725897;0.00040208006202046404;0.0018108939030706107;0.00032634439514912615;18.68
89;Subject_002_S_0413;0.6794181482966434;0.19181208840790742;0.000979886448395122;0.0002882881753479019;0.0005347496778814562;0.00036554316095621;0.0018701599894224534;0.00020621440008388272;11.46
90;Subject_002_S_1155;0.6573313951008669;0.1983012924865682;0.0009256579858277589;0.00031764664319622386;0.0005242199216433884;0.0003908950481917611;0.0017285341141965;0.00026761279118108915;11.98
91;Subject_033_S_7066;0.6080661103484855;0.22880935007849088;0.0010575327386274675;0.000476337366190064;0.0006769903734424358;0.0005520922015372494;0.0018186174689975307;0.0003605552443473483;11.27
92;Subject_033_S_10328;0.6285984583893484;0.24187520880105767;0.0010489428652942087;0.00040872357594385424;0.0006417267815380497;0.0005062082709471362;0.001863375032806526;0.0002803408439927775;11.65
93;Subject_033_S_10144;0.6373745527511357;0.2233020200959463;0.0010467384275432035;0.00037280719996729344;0.0006245796808363992;0.0004544062864875069;0.0018910559209568115;0.0002644589588450267;11.48
94;Subject_032_S_6804;0.6306402540312765;0.18674687182603025;0.0008725554671800919;0.000258067398089561;0.0005131014651810767;0.00031695681197227015;0.0015914634711781221;0.00025882757258863996;10.83
95;Subject_016_S_7014;0.5857170705598213;0.21798905905661453;0.0010729691320519993;0.00040425573356601225;0.0007009385665148007;0.00048026106533553527;0.0018170302631263968;0.0002884793000361454;20.0
96;Subject_168_S_6049;0.6707135865473698;0.16494345272315433;0.000845920955695466;0.0002064155417382549;0.0004605395468980095;0.00025868677090027764;0.0016166837732903788;0.00023529251610592623;11.36
97;Subject_032_S_6211;0.6200547253563412;0.18916685031551267;0.0009736857171376423;0.00036571277282076547;0.0005916258439579189;0.0004190305775296082;0.0017378054634970893;0.0003371929037233903;19.01
98;Subject_041_S_6786;0.6790018824116608;0.1744369984030538;0.0008564103344922618;0.0002741695009427827;0.0004700466464376943;0.0003281415138926597;0.0016291377106013964;0.0002172930525299806;11.74
99;Subject_041_S_4427;0.7294838383471917;0.1891130250805189;0.000847479341154417;0.0002469283767613362;0.00041174499616426823;0.0003088650788853661;0.0017189480311347151;0.00021510368110890242;11.55
100;Subject_032_S_6293;0.6700415775148834;0.17491677561113328;0.0008527760597286087;0.00028671863078264355;0.00047573696284747383;0.00034247120868952205;0.0016068542534908787;0.000234961260761095;20.48
101;Subject_033_S_6497;0.7103662382329372;0.21768019471679786;0.0009231355938950839;0.00043473885449118993;0.0004950579344282882;0.00047152586709330827;0.0017792909128286748;0.0004116183054271894;19.9
102;Subject_137_S_6659;0.4759276124291249;0.17943092165837057;0.0013281857374691283;0.0005315145217587101;0.0009794811406707946;0.0005552914101228707;0.002025594931065796;0.0005274706581962898;11.3
103;Subject_033_S_6824;0.7306734774264818;0.19617723815310067;0.0008930270787670461;0.0003094092211520372;0.00043809116227857403;0.00037167415452804493;0.0018028989117439898;0.00027838546144904046;18.99
104;Subject_002_S_6007;0.6342278662345846;0.1950179789802676;0.0009676714803348934;0.0002979433577467561;0.0005675794138256512;0.00035734829540750776;0.0017678556133533777;0.00027192799736316063;10.97
105;Subject_037_S_4214;0.5383766516385812;0.18703569772535186;0.0009990661647324124;0.0003633290212414252;0.0006900426972166432;0.00041383089755275127;0.0016171130997639509;0.00031297946283887407;11.23
106;Subject_011_S_6367;0.6665260587304674;0.19977370541999515;0.00090490476062582;0.000284272676895165;0.0005060225567063488;0.00035415810339554823;0.001702669168464762;0.000217355187567031;11.4
107;Subject_003_S_4872;0.7158247359774992;0.18956228176623727;0.0008638899652051863;0.0003123685674028373;0.0004376362302397734;0.00036717264119615534;0.001716397435136013;0.0002964952412180922;11.08
108;Subject_020_S_6227;0.6862250758073566;0.1719733214675684;0.0009255190882881809;0.00031415974370212066;0.0004979053833139807;0.00037011995308613825;0.0017807464982365813;0.0002770493834237604;18.51
109;Subject_003_S_6259;0.6209422968198145;0.21378159502130156;0.0009224937102961982;0.0003352236575199218;0.0005614780441157298;0.00040222115253583246;0.001644525042657135;0.00029243530722630653;11.88
110;Subject_016_S_5057;0.67782084991911;0.23329564536784736;0.0009803068875413501;0.0004212795971807849;0.0005548890049282844;0.0004852113507227101;0.0018311426527674822;0.00036139423341362;8.47
111;Subject_003_S_6264;0.6469124566671098;0.19437315301532937;0.0008881876992089623;0.0003688682624922401;0.0005238652672555523;0.0004152557117340584;0.0016168325631157822;0.0003294630685421722;11.35
112;Subject_033_S_1016;0.6515695473304918;0.2056793668887938;0.0009118029545805438;0.00032253212696809836;0.0005252245274128623;0.0003947923540074309;0.0016849598089159073;0.0002803390969365406;11.19
113;Subject_003_S_7010;0.7071282122326382;0.17713101881614007;0.0008629876284934098;0.0003445399152165331;0.00044702408367448896;0.0003792134540078153;0.0016949147181312516;0.0003563530681662978;17.4
114;Subject_032_S_6055;0.6294741515292746;0.19557779284345328;0.0009250911663027739;0.00036995420994457835;0.0005552298421500599;0.0004206196497996851;0.0016648138146082017;0.0003520373642916899;15.62
115;Subject_016_S_6790;0.6873833797408021;0.2545796826516368;0.001059025674297506;0.0005019093049602633;0.0006027602614963769;0.0005924643511034817;0.001971556499899764;0.0003560839260074018;15.62
116;Subject_037_S_6125;0.6670165969265808;0.19198730943349454;0.0009072074650354658;0.0002504128897500693;0.0004997680584951763;0.00032172227811689776;0.0017220862781160448;0.00022656651107067288;8.76
117;Subject_094_S_4649;0.6075453734092188;0.1893953179931324;0.0009451198671922532;0.00030589134441388216;0.0005760611508098251;0.0003613020105693373;0.0016832372999571095;0.0003137263397881288;15.37
118;Subject_020_S_6282;0.644464368431536;0.18086863415154772;0.0009881766835857578;0.00040435750063761935;0.0005809253080262854;0.00045972701072102416;0.0018026794347047025;0.00035739886879788675;16.5
119;Subject_137_S_6919;0.6557369447862132;0.23653313971906076;0.0010033362430129833;0.0004771363207943797;0.0006007675236618085;0.0005411860029974859;0.001808473681715333;0.0004029108903323547;15.53
120;Subject_033_S_6697;0.630483526099486;0.2028224105756228;0.0008572710266563884;0.00032512453900012295;0.0005232542360223933;0.0003818820729616254;0.001525304607924379;0.0002878841960360814;9.74
121;Subject_003_S_6479;0.6384694460434316;0.17924186863481786;0.0008829231419095591;0.0003206910516983422;0.0005228229339656865;0.0003627330789534932;0.0016031235577973046;0.00029102706722316824;13.93
122;Subject_IXI167;0.6630919097181656;0.2003672583763696;0.0008837208126388124;0.0003459132790469795;0.0005078197062916997;0.0004125758655890437;0.001635523025333038;0.000277176157321061;18.03
123;Subject_IXI261;0.5854329429685431;0.2012908595397871;0.0009263991264575796;0.0002984519873673273;0.0005849999083608975;0.00035247047927302585;0.0016091975626509438;0.00029131209328528586;9.13
124;Subject_IXI057;0.6645553017609384;0.1673355144178395;0.0008992017334675358;0.00030191532886567334;0.0005037518021045155;0.0003409683272901453;0.0016901015961935761;0.0003067290312086981;8.0
125;Subject_IXI083;0.6361366880618783;0.15796968957601498;0.0008189432596368557;0.00019374257845108247;0.0004761983029731855;0.0002379655480561522;0.0015044331729641962;0.00021682000926623549;7.12
126;Subject_IXI104;0.6390514901225196;0.183793043659118;0.000905755154874893;0.0003292524637436702;0.0005390032321027111;0.0003900771239855413;0.001639259000419257;0.0002633881652955888;6.25
127;Subject_IXI568;0.6899107578849979;0.17178275442954297;0.0009003994186822428;0.0002977055204882087;0.0004813849006672405;0.00034053662196513945;0.0017384284547122474;0.00028742340450721335;6.59
128;Subject_IXI313;0.6373071856374871;0.20354957616728356;0.0009356830585483613;0.0003467845581278219;0.0005561583089021725;0.00040365033858397306;0.0016947325578407395;0.0003237566020592896;6.99
129;Subject_IXI635;0.6246130618828921;0.169041737976971;0.0008817474565081914;0.00026876082564422405;0.0005313896630638131;0.00032293940853177493;0.0015824630433969476;0.00020811672772256013;7.35
130;Subject_IXI327;0.6937044386123467;0.18920322559913338;0.0009151522817375092;0.0003543607486569277;0.0004906740052428829;0.00039708178458713596;0.0017641088347267618;0.000359062275335952;10.95
131;Subject_IXI609;0.621890460496326;0.1782735302159783;0.0009366878353725612;0.0003198127649621722;0.000560165437177462;0.0003398560370752756;0.0016897326317627595;0.0003932787967746213;10.5
132;Subject_IXI614;0.6433634729897755;0.1687271552507223;0.0008927498508635053;0.0002745262820536112;0.0005150999909623266;0.00031250313897245756;0.0016480495706658626;0.00033401506861670743;6.77
133;Subject_IXI384;0.700203465000691;0.17897629795422546;0.0008875704274910504;0.0002708990469941157;0.00046541634871545177;0.00032661260365396893;0.001731878585042248;0.000225756305254418;6.27
134;Subject_IXI049;0.628347346626801;0.17917719544295913;0.0008393720545896827;0.00027426966168481913;0.0004977061943551958;0.00032171134071586283;0.0015227037750586566;0.0002771201023872504;6.83
135;Subject_IXI128;0.6521554357349372;0.17554907855259316;0.0008685994198939413;0.00021382336051992717;0.0004898563400716248;0.0002755763825518463;0.0016260855795385747;0.00022968334680530217;6.36
136;Subject_IXI481;0.6877554351711908;0.19015112951236054;0.0009197425893024183;0.0003037766510943067;0.0004964294452879029;0.00035992936161543165;0.0017663688773314494;0.00026529533015230483;6.18
137;Subject_IXI072;0.6115805999699221;0.2071927907120978;0.0009727618038995602;0.00036681682794554416;0.0006066968119025123;0.0004427059224667382;0.0017048917878936562;0.00028695731516793923;10.44
138;Subject_IXI257;0.527592886425863;0.22915360551131547;0.0011623476924424018;0.00043060821948822417;0.0008145446700198938;0.0005229726736843919;0.0018579537372874176;0.00028562552673103316;6.23
139;Subject_IXI522;0.6349994108828568;0.18184350424948684;0.0008748624356412363;0.000281168991622613;0.0005109683460782822;0.0003261162308725835;0.0016026506147671447;0.0003179898011676106;6.14
140;Subject_IXI052;0.6455914354563003;0.1700870611361237;0.000875099999856555;0.00019709690471471838;0.0004919403461033208;0.00025005761146011733;0.0016414193073630234;0.0002551206876450535;10.86
141;Subject_IXI252;0.5720317412274541;0.2013173699206256;0.0009668277335363376;0.000353479796780529;0.0006333781677795576;0.00041271003107755367;0.0016337268650498977;0.00030072686449709405;5.68
142;Subject_IXI605;0.617643671902735;0.17861214845130316;0.0009600452164407185;0.00031304363806286767;0.000585832107345828;0.00035855177151705134;0.0017084714346304998;0.0002812510480892028;5.93
143;Subject_IXI465;0.61882011154181;0.22026886435385418;0.00109375777407902;0.0005404735418558743;0.0006885040302404138;0.0005965026371876737;0.0019042652617562326;0.0004879162511786258;6.77
144;Subject_IXI518;0.5612155062656881;0.21008956479399196;0.001085841188549464;0.00039062357381343214;0.000722794429902863;0.00046120469217178115;0.0018119347058426665;0.000322490726446584;6.88
145;Subject_IXI146;0.6921001168077444;0.1478218949212106;0.0008036616126444194;0.00018350834076327616;0.00041956253266983;0.00022607923139642631;0.001571859772593598;0.00019082631266424755;6.45
146;Subject_IXI092;0.6811956166386655;0.1801444578548664;0.0008572822801888225;0.00030103208972424156;0.00046874638251304855;0.0003446987032823537;0.0016343540755403697;0.00030261722934749676;6.68
147;Subject_IXI254;0.6543369630768322;0.1847271164122306;0.0008471060250075856;0.00026370108064727746;0.00048453863421012893;0.0003214867168909385;0.0015722408066024987;0.00022460238425828653;6.67
148;Subject_IXI216;0.6499873679480792;0.19492794346610012;0.0009002234301676382;0.00031914297988367503;0.0005202393554610782;0.0003743031323864434;0.0016601915795807585;0.0002914735998635174;6.45
149;Subject_IXI173;0.6617888405581257;0.1991886911558799;0.0009230398567365147;0.0002670337176578537;0.0005141443185729944;0.00033923941481034365;0.001740830933063555;0.0002495180085820997;5.93
150;Subject_IXI484;0.6836728886698653;0.1803372000750925;0.0009212554926422442;0.0003380891930394775;0.0005073790327892928;0.00039282471533675625;0.0017490084123481472;0.00027801954727506696;10.79
151;Subject_IXI612;0.6835953638043438;0.1824294277727614;0.0008181487677659347;0.00033002631748916736;0.0004486484411085553;0.0003744701773302945;0.0015571494210806936;0.00030615809571385346;6.64
152;Subject_IXI611;0.6518477489398037;0.15965336472545355;0.0008100039270242342;0.00017421711468357481;0.0004502554124410972;0.0002233943125834357;0.0015295009561905081;0.00024298014806870707;10.66
153;Subject_IXI524;0.6636000655970357;0.19975449395176995;0.0009816982033866853;0.0003681641016226266;0.0005633453984247058;0.0004409101733575287;0.0018184038133106449;0.0002743341919741044;6.58
154;Subject_IXI567;0.6901347818259326;0.17817790364472386;0.0008949193518606399;0.0002517852503022117;0.0004727963810459571;0.0003194569067511082;0.001739165293490005;0.00023467246783116772;7.1
155;Subject_IXI448;0.6399275357584768;0.19150249490488086;0.0009644036581039561;0.00033230997115718546;0.0005690269635307859;0.00039227064220507824;0.0017551570472502966;0.0002849552716143095;10.59
156;Subject_IXI436;0.6594028779825302;0.17194907710604024;0.0008410242090168914;0.00022401967003659372;0.0004691995625053974;0.0002741224546366909;0.0015846735020398793;0.00023813023114240787;7.08
157;Subject_IXI093;0.6029334508031888;0.20840522268054998;0.00088963959704991;0.0002890372860604536;0.0005495968913691095;0.0003597596059526254;0.001569725008411511;0.00025553566975704175;6.63
158;Subject_IXI051;0.7097332111312509;0.18549291092059703;0.0008749749206478525;0.0003020143921753837;0.00044448853127629806;0.0003596913921783666;0.0017359476993909612;0.00030080036067534755;7.3
159;Subject_IXI242;0.6386038979253629;0.19555070938921154;0.0009138755797457648;0.0003167858814245029;0.0005398328166394336;0.0003751923099519241;0.0016619611059584274;0.0002761990990065409;6.28
160;Subject_IXI559;0.6244054489409859;0.19093272880552178;0.0009271917199290466;0.0003372151421627853;0.0005605035233159651;0.00038440899437738163;0.0016605681131552092;0.00032066209455310085;5.9
161;Subject_IXI482;0.6618134799944728;0.20976844044763945;0.0009333464247788748;0.0003219298436511891;0.0005288836265252793;0.00039932110589225813;0.0017422720212860658;0.0002541424146014399;7.11
162;Subject_IXI175;0.46114074418811984;0.20386984756040755;0.0013048884644550048;0.0006587083099694311;0.0009920918642559887;0.0007107325251780022;0.0019304816648530374;0.0005961552906624715;6.49
163;Subject_IXI383;0.6773686225583754;0.20769725295456035;0.0009121653967566445;0.0003709477455119112;0.0005106965748574234;0.00044149192489032423;0.0017151030405550866;0.00031740517021030184;5.94
164;Subject_IXI646;0.6732632700004766;0.20586552417344572;0.0009397408047815733;0.0003446720296373134;0.0005218371043124231;0.0004128457377883178;0.001775548205719874;0.00032114894401660186;9.54
165;Subject_IXI537;0.6447997798195064;0.1807909338123221;0.000907309395338833;0.0003669478820519224;0.0005344421415448176;0.00041095124813711454;0.0016530439029268634;0.00033343459267962973;10.44
166;Subject_IXI056;0.6906694854459832;0.13381402647027799;0.0008369577681667418;0.0001856229639828911;0.00043735902721610595;0.00021746412491378055;0.0016361552500680136;0.0002339324458835263;7.44
167;Subject_IXI334;0.6325653146840676;0.1920096968529232;0.0009168211862676815;0.00035539929944071143;0.0005545301285920254;0.0003938312036070861;0.0016414033016189933;0.00034429168875279296;10.5
168;Subject_IXI485;0.6273918840720879;0.17039413569436887;0.0009128797747961232;0.00033099315374987033;0.0005441086757325682;0.0003568277516973329;0.0016504219729232333;0.00035352469989516095;6.97
169;Subject_IXI096;0.6245645742011349;0.15026597264649927;0.0010444943782762595;0.00029360202703305056;0.0006167819326174252;0.00033267725475210686;0.001899919269593928;0.00036534758950195097;11.44
170;Subject_IXI161;0.6584070587382456;0.20246789510968133;0.0009615042517592386;0.0003251918716876452;0.0005496615743740687;0.0003989599507142505;0.0017851896065295785;0.0002750787992211756;10.01
171;Subject_IXI335;0.7025234596689046;0.21251401270305087;0.0009718777735816641;0.00038898924776006676;0.0005209906903798122;0.00046244656656084434;0.001873651939985368;0.0003197837887013408;11.0
172;Subject_IXI274;0.607371089810603;0.20261263224422496;0.0009928939164144067;0.00037693975745096563;0.0006196289038714898;0.00042701204867232474;0.0017394239415002408;0.0003470231550112461;6.26
173;Subject_IXI443;0.6156681864981687;0.20221921735195947;0.0009426311357414661;0.0003828229927251149;0.0005834104362950398;0.0004325465496066552;0.0016610725346343188;0.0003535409923082849;6.18
174;Subject_IXI634;0.642773772440621;0.21087159784650647;0.0010028038207163753;0.00040950478934406395;0.0005875702971579511;0.0004421069482565556;0.0018332708678332232;0.0004582193073666825;10.48
175;Subject_IXI204;0.634794623365735;0.20043973141110488;0.0009445793445560426;0.00033508606140045754;0.000563828775552431;0.0003905459632535099;0.0017060804825632658;0.00030708303613739607;5.95
176;Subject_IXI538;0.7095273437921306;0.19530151408648996;0.0009183944711592537;0.00039204701059149016;0.0004863032163962441;0.00043533317904426063;0.0017825769806852725;0.0004252339678910993;10.16
177;Subject_IXI613;0.6255316252121509;0.17807202069760936;0.0009635376014829302;0.0003026169238850374;0.0005781580052990351;0.00035912944919900847;0.0017342967938507202;0.0002777409857380771;11.54
178;Subject_IXI127;0.6485847994384354;0.15900503625811263;0.0008272076950522824;0.00022403006011956661;0.0004717001973524178;0.00026560990309443537;0.0015382226904520117;0.00023371610712928344;7.0
179;Subject_IXI150;0.648157031083376;0.20390014651832714;0.0008923685305345335;0.0002880900346975828;0.000518716506560286;0.0003537683290178668;0.0016396725784830284;0.0002536971783791485;5.75
180;Subject_IXI603;0.6244210268307577;0.19155412683681344;0.0009441778316164767;0.00026575991393787494;0.0005548599409175669;0.0003257637416597579;0.0017228136130142957;0.00032415574426517744;6.49
181;Subject_IXI059;0.6800652728822921;0.17078039137661474;0.0008582366068730985;0.00020774951944781868;0.00045569032459275905;0.00026646774712533376;0.001663329171433777;0.000232674386403969;6.99
182;Subject_IXI263;0.6670718092851227;0.20419953718874023;0.0009412173922951465;0.0003707562994808407;0.0005382526299548172;0.0004166981032718266;0.001747146916975805;0.00033540351787750657;6.54
183;Subject_IXI521;0.6303307192533788;0.19991810009301658;0.001001813036585956;0.00033842989958123433;0.0005993984980372766;0.0003986681615552861;0.0018066421136833154;0.0002992083567991439;6.12
184;Subject_IXI256;0.6891133657903621;0.15159066320593126;0.000792110408164743;0.00023716877393380387;0.0004205444302901046;0.0002770778609285487;0.0015352423639140196;0.00023355897133225525;10.13
185;Subject_IXI586;0.676171810460998;0.14457838019205108;0.0008537280579931286;0.00022431248871860874;0.00046474296394690426;0.00026744951942459156;0.0016316982460855777;0.00021216921105909453;11.27
